distance_km,time_min,peak_hours,price
27.611722666677593,91.17877277907492,0.0,
3.0990197332866845,10.89829056146573,0.0,47.72741323692627
9.594035038131844,36.06931364635341,,188.81573829509728
8.19050061724812,23.800240225460197,0.0,116.11168747072715
7.860330142316183,27.583465624955096,1.0,196.81874958663593
32.67168575957517,,0.0,552.3633545290644
37.0104549230552,124.73620920656498,,590.7084890374646
11.786401514087144,53.162903785889725,1.0,250.95907539284124
32.970427902127085,117.67091563349415,1.0,578.6465140028598
35.70581503133625,108.64404341152871,1.0,582.7557116499793
21.005847753951745,70.44838246381813,0.0,371.1619071130269
10.553619441683063,31.51084388400832,0.0,236.8202338129961
33.14542224779904,102.99324702314102,0.0,558.5946458264526
9.336755571628723,31.62708411550911,,219.0271295857055
,114.5562224263931,1.0,
,115.44370760636257,,434.59935414951906
37.168883082481514,146.16720800721393,0.0,642.5604932084519
10.044419355650334,36.22795744162272,1.0,171.29012176837796
32.16588001618324,95.81789663094139,0.0,
,57.72143139694299,0.0,361.7025057675686
10.030669367865633,31.31725827671733,,184.16384492389838
7.470255736389038,18.239629099741407,1.0,149.5112319326783
20.41376977141396,80.34561376528015,1.0,369.8510136224821
23.726260983997477,70.76955418029137,0.0,
8.18918150971071,27.560268292805638,,141.49696993175385
1.5809017536490577,-1.0952687371865828,0.0,38.460283683588706
19.37419592672797,71.83227317536381,1.0,348.45073213464553
29.401489799147203,59.250199506913205,0.0,414.0439522711641
36.825419179168186,77.78841051269752,1.0,547.7466414450411
25.3958262236831,41.82294273502232,1.0,382.11124975233247
36.76778032935649,110.40350590276508,0.0,588.7839834536715
34.722919792657216,,0.0,568.3356421695362
9.50757205674953,38.49406573120411,1.0,199.71547207598286
34.77896979879147,112.96156943642369,,514.9811434134806
29.499325518478898,107.97683382814166,,494.43090440063156
,42.60751072318534,0.0,200.86819035627755
32.08469857415511,,0.0,518.5941561328565
34.74364680090572,87.4289226242383,1.0,514.0279388015583
,40.33271246139311,0.0,206.1228651614912
21.55464127718158,71.7802968582537,,363.7690424119562
3.7879854583124795,8.049401593771124,0.0,94.63262684641717
23.746297995891265,69.86639250116552,,386.48273765121326
10.278349585555086,21.964371413395522,0.0,
,87.56342414779057,0.0,479.2454325197559
7.7716338108407,29.790133301752615,0.0,165.42049384711515
13.19694799377991,40.29170112741119,1.0,232.52053500922273
1.564504594812612,10.61898257379083,0.0,26.76554383257737
2.2695249426569855,1.4901884945439052,0.0,
20.37137183001828,61.64404396617293,1.0,
,77.97019233276221,1.0,373.7804323697551
5.9799225928066315,16.933499029464404,,177.60064951170492
11.044937691471429,31.564030473026875,0.0,165.52719897664164
1.1240632624391529,8.160538879206108,0.0,36.950648189875125
15.861642164816944,65.58944249425092,0.0,314.314365759968
23.459050277441698,89.21713155130456,0.0,
17.664652080035054,,1.0,329.48738732328445
33.56899154503421,92.39089927924375,1.0,560.7518265711839
25.0431588049974,,0.0,411.0101479279902
11.377272568439716,45.588765040827255,1.0,254.9315747388206
32.62986234140524,93.56826327252047,,575.7655062907404
20.479983261817672,60.28468868532376,,355.24407821167273
30.593602519150846,103.84093362350889,0.0,521.9535373557527
23.077474366742035,92.55612784517997,0.0,442.6053129058784
18.060174100733104,42.969945602304925,0.0,321.2232292020611
16.450023332279514,52.54356110122297,1.0,341.930785423815
1.8671762288752745,2.6787284585255824,1.0,65.85624680895059
19.30468073855054,62.66560962438993,,342.2044987231982
25.318777684166122,77.85460735726774,1.0,
37.89842341941893,153.46156165945985,0.0,
17.977717126453985,62.82515616509257,1.0,301.56676752797233
19.94001472011989,49.93896769310388,1.0,
21.245490615200325,81.80995931335352,1.0,389.60347072244264
16.93504821969252,38.64344388070005,,
23.573033035198645,78.36810335326291,,379.40500037025356
3.743676257753287,7.807463570190327,0.0,56.418920652113684
20.046969416925734,67.55168082727424,1.0,384.83123220476364
24.79564830376756,90.0942155223415,1.0,470.93913747961136
30.0112851854666,102.16718437933852,1.0,529.1360020824372
17.76338249693562,50.16934451553534,0.0,312.5042892772124
12.809283176172988,44.24775864532043,1.0,287.29696363171183
1.2297112993813197,7.844509652618467,0.0,78.26440649302882
,106.20985944748313,1.0,540.3646731237084
4.025462837744481,18.409413871756573,1.0,
20.109533468697634,71.80032118414226,1.0,326.55192865389915
12.870082774515794,40.27635324735962,1.0,
33.792064324878076,106.31117882265643,,568.7924182899818
38.068558627753276,121.44339123892176,1.0,635.2413832245522
13.43610857064094,39.53928922558698,1.0,258.974008083299
36.01296326812404,129.02392924577669,0.0,568.044829125654
14.163632973803347,44.30373012880196,1.0,251.5222019203587
32.67237231002948,91.64952900988528,0.0,548.7768674615895
,99.6660058039709,1.0,529.1448151226127
26.556121903432082,82.13777189301734,1.0,446.29662572371615
9.91943473624861,32.0873252552907,1.0,183.46166984771716
6.369304124948468,,1.0,182.85249060684828
17.55047441815344,56.78530069991821,1.0,298.454396505099
6.9100113677529675,24.243465533228097,0.0,160.97713959219058
35.05764500273401,148.17781862895208,0.0,576.9050099221338
,,1.0,128.47249411657697
2.1814918028807604,10.853825181470189,,76.45204592313938
22.810737408212955,62.468427873276994,1.0,
,53.8939788221499,,
34.48529944081481,135.33564664315935,1.0,626.301920333862
7.272423645630782,29.55685570427947,,203.71107103731825
15.053794276280488,49.019225158985265,0.0,
25.979887536470635,83.83243769066068,1.0,446.060540713675
37.312094634858646,116.82967556482575,0.0,593.2775504371139
11.21023986152689,22.796871692958803,1.0,264.08166274889385
27.835838129692032,89.05460036030875,1.0,465.25377900425997
6.81305344185914,22.319465920485055,0.0,
29.866043963421976,,1.0,
12.434070037821325,40.13934533750164,0.0,170.80205334321045
,32.74165255767573,0.0,191.7376439776566
9.963036075951765,23.106122799986448,0.0,152.13504072716665
15.45539544153504,55.0013670491464,1.0,241.2269594215112
13.813648411764751,53.245783148535565,0.0,302.9302739851605
24.89302520090789,92.13997350993772,1.0,478.8108830875503
22.243900607473805,61.76871817282931,0.0,387.49196641089486
30.23608109074544,90.04295361145121,0.0,489.557440113765
12.503217131615568,42.71858417212669,1.0,269.1461625718452
38.46159540662619,145.20938799445264,1.0,647.2738875933896
22.195827585404125,92.50390931344803,0.0,
27.497541787971183,83.89398091869384,0.0,455.12207436286104
27.84211069121474,98.38054316942949,0.0,504.5363256394199
6.939613917224063,23.8275958559321,0.0,159.8217552097726
6.655953610502127,16.184169048607906,0.0,110.62607778067722
19.019709059941416,74.0871768253031,,320.3329526402961
21.355407803160677,93.82823227628862,1.0,453.82393451369074
11.609745373286351,51.200293220430254,,228.68346743821238
,21.92494098226345,0.0,128.6039873002774
20.65292240049699,59.66184781804819,0.0,346.6689575408299
26.725895587939107,114.24584692639765,1.0,457.36198618157465
9.921423683468424,21.09010189750518,0.0,134.812272231378
9.518311003685627,,,
38.241063299557595,111.59106885908056,0.0,615.1331918948194
29.270824432405327,,0.0,
2.339137082087273,,0.0,
,135.33710968826222,1.0,682.8737629449492
,1.234760635227154,0.0,
11.333513384400348,33.64494910151528,1.0,195.57682199727122
36.7756419098495,125.74200409376361,0.0,595.6996960357301
4.135120939202318,14.292552441571667,1.0,
34.33391246459279,87.72698753146324,,553.9231199908368
6.6424184974831695,16.95663707119164,0.0,
7.990402031437525,25.923279663242496,0.0,145.58692694528884
31.60226545866975,88.19927054304485,1.0,516.5646422534769
35.921538207871684,114.47218467443669,0.0,596.1694794277861
18.9686387168196,86.50439202334309,,364.6564640947974
2.5008636058865923,6.468021637464338,0.0,87.79176878682077
13.296905148288984,54.21326528597266,0.0,249.04773165056054
1.5964367380040971,,0.0,35.757126915903854
,43.76784744716298,0.0,227.65102881921794
,70.35982417269138,0.0,398.28570630987355
11.343429155540752,41.887009964762704,0.0,229.3873715913765
26.42873469919684,,0.0,461.92835481332725
,122.71253053538172,0.0,596.5738622630183
19.179411584792934,49.95112699243724,1.0,333.8651745782703
9.077272865955786,22.618744325574745,1.0,145.33900014631834
,145.11487565098514,0.0,633.2539127699591
37.888407826761345,,1.0,604.7206265937514
6.261320502840433,19.694610373158916,,105.02888924221145
36.0859028169552,120.59238015444058,0.0,600.2428442379384
12.393817506698019,53.054078528934255,0.0,214.5190940340574
,28.638886645843755,0.0,152.61044788187476
5.60499091909671,25.30531842150681,1.0,151.66052076048297
30.618553006322035,88.49859381600889,0.0,
4.449258062334769,,,137.6955815049527
30.76291800064717,87.1118185481711,0.0,523.8319002894655
,34.846615428316106,1.0,204.09976473814305
17.3325678069939,,1.0,341.7502430607831
6.57769052269266,15.407213356367148,0.0,120.0561475490969
26.454122087775186,,,475.93073652003676
18.85365114731902,63.470055266578136,1.0,342.53449883013724
,48.92688490646465,,
,84.39948647945958,0.0,506.03222996807165
18.901589306137517,69.19121364448287,1.0,383.34789017719913
27.971165155301055,100.66646388917596,1.0,486.8539458976449
31.49757400663633,97.69670712912519,,536.0914860257283
,62.828199312159754,0.0,326.1647983748761
38.494244896046865,140.25224451820023,1.0,701.70328877073
22.484243849444777,68.7144547147195,1.0,362.9303843270928
9.541488563569366,,1.0,210.9089711045921
22.133313874413624,74.47467877865735,0.0,
10.53772225249512,39.98686021056819,0.0,166.6263178800089
4.2497536712111,11.655649140562513,1.0,126.6042026739671
,,1.0,592.3987550938501
11.315404391543453,45.542546131912154,1.0,
13.231977044637556,34.682701018912894,1.0,243.1532388962046
39.54537146655672,,0.0,620.4233100887366
16.621755432212225,69.36868756281714,1.0,334.6457431146498
18.211171737240562,60.668756611317455,0.0,328.4449863778069
36.90335046757385,106.01159580398912,1.0,
,95.75381988531542,1.0,514.069648411394
34.51980141861068,137.42136744420537,0.0,
19.26591184337931,59.91510165471274,0.0,347.9617455129513
9.287639375393052,,0.0,218.74612251300078
3.5599138435358046,8.875243300152734,0.0,83.97697413228252
4.112746743969669,,1.0,109.09243690410236
6.342592567884854,19.733937728664365,0.0,142.75480542304123
11.50460804260151,39.56611773654679,0.0,238.42243792712048
31.317584063095868,72.42796696532676,1.0,498.52869445131694
9.951514343044423,28.479274163719335,,205.60885143046258
17.449949677339248,46.79044514931818,1.0,331.4236874106919
18.867324863995336,64.61376127183935,1.0,359.6186275818535
13.077753693432728,,1.0,276.36405486092866
7.903425204256548,29.510147717584065,,183.51336576955157
,50.65151671839401,1.0,242.47502542111152
34.2418208675819,108.0405823351504,0.0,545.7616486166523
39.7688187138338,108.44122119796548,1.0,604.2055101683549
15.456295569203178,41.702497540046686,,273.8035320964415
19.008285441779016,56.195969438554215,1.0,324.9498682298053
14.064553592845078,55.77532694753767,0.0,300.7587672448921
15.252109494999804,52.579855057958746,1.0,269.1384302070915
27.799766284518626,99.19075580196113,,
29.67772624759369,,1.0,461.5909802220681
13.364465983100535,,1.0,234.2201674500112
6.655783350316971,17.68372952452875,0.0,105.92879492770422
28.593514102197844,86.63572967341528,1.0,456.4988998427451
18.136248897269898,50.24436129827328,1.0,316.9338560907925
36.73551574744981,99.64978261873057,0.0,583.6380049792199
16.964030255833915,53.15671204779924,,
2.080885272485835,9.397844987040084,1.0,127.04201120801662
29.31940695318072,69.42849163091623,0.0,417.01641882385354
39.445493720938934,113.61458054345731,1.0,628.8204666350957
19.188111247862373,73.68612088962443,1.0,412.61169492151214
,,1.0,566.2191855046793
,26.232974454734762,0.0,143.26200231858613
9.301527833859831,32.43413913534891,0.0,166.28715491561928
14.318969629383961,38.59606072783821,1.0,276.7242169418131
16.83189540576047,71.13498949970321,1.0,357.20548812568296
36.07886934638248,109.78837503022694,1.0,598.5548871756268
38.92788102835749,113.96364641927677,1.0,614.6929014620653
20.89827695343292,63.95084270081613,0.0,369.8707579212957
28.173026816826155,90.39492441345983,0.0,467.25926807930034
25.477140009082504,72.9375896190044,1.0,397.5992608578164
34.56077742091633,86.25382146216022,0.0,504.92889375205556
5.203479602850765,19.819195670230116,1.0,169.8377283165761
,65.25865698687818,1.0,427.73292687349414
32.524846866499765,134.50700879946152,1.0,
31.19485756201221,87.68230223448215,,512.3773008856957
30.931016160788555,90.00770735547866,,516.3556389090373
39.266801356352225,,0.0,585.7817517472043
2.103848818642015,8.056315450182367,1.0,81.92141987822515
5.137811762276265,19.432009983923653,1.0,148.81521627869452
6.979839972079818,24.705844846189663,0.0,162.38208853468242
23.654390739167642,76.10972035108641,0.0,370.3419719092607
17.802654029703806,59.22122534910284,0.0,301.4222267446323
3.5010469865647007,12.420069473298646,0.0,108.42373401226943
11.888141801163037,31.576770815628254,0.0,245.26469041610864
16.23964991947377,60.13574334381519,0.0,285.7357385147034
20.728977549602615,,0.0,346.1576047034561
30.473816792290187,,,533.2603200059424
20.071924409717163,62.73431407102204,0.0,327.0509028936656
33.20337602310453,125.9147102368716,1.0,581.1291615176042
22.07825747690047,87.41680482363213,0.0,358.5673561443743
14.930144867437525,48.388310367697116,1.0,301.97093146339733
32.43312175441965,103.00949617195933,1.0,492.75214699490084
8.268763320613212,26.256696191771518,0.0,118.84696309820865
35.68227223966299,103.02625710022741,1.0,566.2797731716628
,98.01721009964145,0.0,477.13747681009903
,116.61600661282979,0.0,587.1815157025625
9.183876836400408,29.11172854422096,0.0,182.97980655300896
10.077082458774413,23.186801131009357,0.0,177.5964193008159
18.805792331861873,66.44755286878038,0.0,285.6407799423522
6.801476667468885,20.38882964994651,1.0,187.2547660803479
2.549337978261968,3.906755057483209,0.0,64.22488184620286
,44.97813533747965,1.0,277.22503216571516
,99.06002308178115,0.0,461.4691402658726
35.67041632142113,,1.0,582.2532523044016
10.099907807260161,28.561759553700945,0.0,205.22953072984058
37.8278439590233,105.65769683049733,,602.422345837293
4.09029156421162,12.568643337358635,1.0,
4.053368280605925,12.65648382133849,1.0,114.67377276335674
28.509842919639247,75.90302110937701,0.0,446.57114188892626
3.64431097291533,16.40930695356805,,138.76936287118104
38.855248364014116,103.32791353076914,0.0,624.8442227660996
,,1.0,251.84000963670746
6.020228771060117,,1.0,153.92196068615917
30.969724129725652,89.17461839846017,0.0,535.7974785290442
17.475583599556735,71.3452952814042,,270.2981585141198
36.102940040001755,69.68059879475432,0.0,538.9408112180244
20.20588308349724,28.955647213869785,0.0,286.8306440651447
1.3113614940135871,7.5429531269295484,1.0,35.166194600754686
7.37038180473067,20.548699982023685,0.0,118.92051890237748
4.876035146775037,17.807494022740194,0.0,117.74842960027843
8.072630248078458,24.870527912995207,1.0,182.5718386985128
11.552158612679227,33.4093212756553,1.0,
3.939758919042713,13.702886566169349,,102.61879408577342
35.278090644044234,,1.0,575.876173515203
27.258419427873243,81.91628398090549,,458.43137173069624
18.315115925516167,45.679031204204776,0.0,303.87369219321357
36.049819296722944,111.21260846030162,1.0,568.7670526996203
24.855042107083925,73.00106097413764,0.0,407.97882778824885
27.58714947556282,,1.0,519.394688646765
28.793176906024815,72.6628105368162,1.0,448.6451029552434
18.139095548025445,67.07618725484362,0.0,286.56434837050244
12.433405354215509,47.15418998584597,,241.54041530521823
35.5835845764656,79.24229526284999,0.0,545.6409258134565
15.394367545704188,49.14989907053518,0.0,257.0713958557674
18.034974392778963,71.09405575712442,0.0,342.9516742719806
,36.13479261781587,1.0,192.33796271846685
22.592139199207036,78.02392613396981,1.0,381.00718012101856
21.987575639724096,67.39442975579574,,395.52858443345013
17.83761763216175,57.63437117465534,1.0,
14.777863321123355,58.64794570111462,1.0,287.1968618613177
22.127980036893312,67.23887820543246,0.0,349.71946330973105
,,0.0,303.75664454097193
31.384860579029446,80.12111545996184,1.0,
6.983076193482772,,,188.5924993119723
,66.2889894367848,,460.96880689308983
9.13805241302563,25.010528708614395,1.0,188.61587385632933
,,0.0,573.8029176774711
16.014676790073803,57.206873193200636,0.0,313.60238254601904
13.627425798229066,37.18691389465208,1.0,219.53850374851982
36.13807682637652,,1.0,679.1164554211638
2.8476676264804244,6.202732630057481,0.0,65.36470180674168
39.12776200477571,108.1826132644138,0.0,
37.21879237888215,77.46345275985423,0.0,550.3616099359048
26.920517359668043,89.52222939170586,1.0,445.65130496481896
23.214431951262696,78.39766279050554,0.0,425.56307026071033
21.449761074679984,75.31228286549656,0.0,354.5617758190026
4.253240944643501,8.653592537367825,0.0,65.00595978549333
4.540503119223022,18.642235207628065,0.0,78.16378351374219
27.935159643900313,76.87252830701969,1.0,501.35361496682253
38.36073941828564,,0.0,582.5938833846412
20.899721674882198,69.39843706009958,1.0,363.37352107147296
,,0.0,65.24280700514058
33.32483519028347,104.12110062767039,0.0,535.5520834098036
33.390556594624606,109.22212716297149,1.0,563.2454777875853
14.123963716026928,51.28422129867912,0.0,281.81551572756905
27.512926623949532,82.93304239529466,0.0,464.11854264333283
6.521762317288316,16.89434687877437,,108.43912655013541
7.366281144530335,34.66646100358848,0.0,162.5418083343374
28.745868960036404,129.7792135948257,0.0,
20.887162231908302,69.17881024942047,1.0,382.8995962461084
23.968098517608237,47.28530133853797,1.0,384.13617808130664
21.424528118329118,,0.0,284.17337776024056
37.67823729880792,157.16799908126302,1.0,700.9953938425164
31.758995006084653,,0.0,
36.065811597110525,112.86048247169244,,599.0550247722438
12.372929647955416,41.97802449634847,1.0,267.18965328409973
39.20481414089605,147.1911297245768,1.0,704.7171284369324
32.9323326682113,106.76509880286696,0.0,516.7144865370823
4.8830825651463705,,1.0,138.130779050479
4.397170624796776,13.176193502403818,1.0,109.95798148286117
8.469320475313957,27.870297993130176,0.0,162.71764807026366
14.118610968527438,42.260466693871315,,267.65162560592427
9.558071673423484,35.251070530992756,0.0,213.81008046772214
3.0217656674841407,3.5871673221162865,0.0,61.96556800985326
18.355512051384753,58.059852511059376,0.0,
11.23796254031103,47.37782549329033,1.0,249.60466908307916
19.044127477660243,,,290.5370902415934
31.556011528318095,133.60600933598144,0.0,555.1190944072495
13.549134211177334,46.12492637422677,0.0,201.5463883969163
,8.192777517890153,1.0,103.0238536886367
33.54698095784701,81.37288397483049,0.0,510.40564067783123
20.12242175772684,57.947935155362416,0.0,332.5642698692301
10.52180548041577,13.998199388860273,1.0,245.19899967065072
,129.80967809827132,1.0,623.6831434711139
29.672607048546794,108.50791299349297,0.0,513.6458723865028
17.44645460584337,63.77389180483132,0.0,388.8889333074494
14.537825651474247,43.41119824958474,,299.8079135317853
,14.805543081650697,0.0,103.73570564898183
12.140439862879369,50.11910779686356,1.0,267.0550297328028
28.91734781187617,77.01197689247519,1.0,469.38288395291244
3.9497601140381158,12.63912526748853,1.0,136.7700889250807
15.682640029404414,64.97660663146965,0.0,263.4106014123205
24.071290176535896,84.30673186286103,1.0,434.4351993778434
,,1.0,510.9451451989832
29.970077914471116,102.69455517442724,1.0,530.9870187208323
12.411707209498992,44.14412056110951,0.0,263.17217246907
13.840453407939188,39.94171107393929,0.0,
,18.051604259648585,0.0,138.92631338317116
29.442225805576136,64.93126561511994,0.0,455.31952055902826
11.353312969135605,31.424917918062924,,
19.73651030649946,53.21371430129931,0.0,326.9638729419892
,,,646.9768038163578
1.250729534690708,,0.0,57.15669124161688
34.41104496528776,,0.0,593.6547930728244
29.85410471331338,82.92940785319342,0.0,497.40221534079717
26.16094286807977,100.99469155201591,0.0,495.6051486994815
16.876012446832497,,1.0,330.84132836952824
25.336718699324912,97.58747235927648,0.0,468.924215968364
37.99527858256728,,,597.0352341001875
4.71602893485996,9.332437607565204,1.0,88.53885002257934
3.643105854140523,14.086101986077239,1.0,135.60142099278752
14.279384379271262,54.97658527212381,1.0,313.82560281881103
5.019205704733528,22.31908759874199,0.0,152.33492473211697
36.792508733238755,143.5445003518275,,644.7652327773155
31.707750351419172,82.72920657811348,1.0,
7.178313961009215,30.800007396410162,0.0,171.18835373386122
15.571449682760388,,,288.56753301749984
,46.64193842630372,0.0,255.34909580838928
38.22249342093239,109.65401519085408,1.0,597.3251013205809
,45.478698827001104,0.0,231.5063733163377
19.72813231705317,,,331.0616950858338
21.629524847356763,69.93479227548883,0.0,408.2922416220237
31.490327671004252,110.44560759894947,0.0,
34.85374125423167,97.73316462619232,1.0,
27.160205719989595,115.40032506054894,,505.6569044755647
15.169839514438047,56.10463757629119,0.0,282.7668801569156
9.932794118970545,28.684423306736548,0.0,183.32064996656752
16.52494626040255,46.03559923133177,0.0,
,88.47987751900199,0.0,
30.90996237418436,82.61241468943194,0.0,
38.42038353435258,,1.0,663.8562509797549
35.062692006865745,,0.0,597.2374259285428
31.723257783515056,101.92269323652161,0.0,442.06520704991874
36.125730539391924,127.66428801471871,0.0,604.5035681154341
28.14596304644088,82.8886861232544,0.0,504.11633244446256
37.8741188975253,81.86714126779275,1.0,593.5815913608592
21.028390359018733,65.0560917164499,0.0,322.090738068975
,13.0276913678416,0.0,
29.451353847000654,,1.0,465.6861552893406
37.990637109793596,124.03511611963712,0.0,584.0782504934662
,6.654756793623637,1.0,53.98874072988243
25.261619010052094,92.23614036934889,0.0,475.89539127974257
12.885971776446599,40.06331075241909,1.0,248.88921874026227
16.76311636748314,57.57058512402075,1.0,
36.80585420565749,131.51259154598347,1.0,602.3739829891551
14.041191279774518,38.567079045458115,1.0,224.99897995738746
25.406705715347936,64.18576188774884,0.0,
,62.85219687428268,0.0,316.53913895291566
,155.89205254186604,0.0,626.1635223629728
15.37837022639946,66.16955579096401,0.0,332.7130842413266
4.875803432351065,,1.0,95.87654835627677
17.3409503944147,54.37209798065363,1.0,
16.799643431693397,60.452301794426255,0.0,303.73938193671836
35.52977405871294,110.20196305282349,1.0,562.1311960498509
,40.01679171905555,0.0,250.99425727371198
12.466173311274892,40.27895485256238,0.0,
16.8742277572526,45.88789854440766,1.0,279.07272850029614
27.949379796039416,74.28017548529867,1.0,498.83218873762513
17.470216711522976,39.25401620062142,1.0,302.33763106326506
21.360070461744108,58.33506504037968,1.0,376.1454628635623
28.698486839235326,93.23006374613556,0.0,458.6270217752366
2.045123434491925,3.357538711361179,0.0,82.73760184422929
6.193210107340802,,1.0,165.2307456638283
29.279503569276923,89.19343413406013,1.0,467.14947517796685
36.37984331889512,130.36337176624454,1.0,662.8867633600264
34.81405929980705,105.61348446614804,0.0,
28.58090723470458,84.3732439523996,0.0,487.1367278368416
39.292331726518874,133.63319287230158,0.0,635.4579962640488
34.26331471204074,102.74744873373967,1.0,543.7258215444016
28.05635389301652,83.1064639880173,0.0,463.2949772792981
25.96474615108398,73.68797368171897,1.0,448.69956314123095
34.272133431614776,95.79832389798365,1.0,569.2972790907684
35.326090435268924,102.43523669912011,0.0,574.0678080598221
11.68748131533651,39.65651108869215,1.0,217.54274735121783
34.30674627477812,111.0099493377708,0.0,605.1134657561541
23.94006530382656,63.08389292205378,1.0,417.8040806985757
,6.783001530821341,0.0,77.08330478086963
8.686877283179834,32.95998852686385,0.0,126.51033075849914
31.404328371984136,89.90806846723368,1.0,477.8079753347136
14.345429388333985,,,221.97233743870095
33.87937744292035,99.5402746666433,1.0,515.5765573753627
24.504228392984377,72.44175726324366,0.0,
39.479542540869815,,0.0,
30.790315067048606,118.1953625399563,0.0,
4.628732682320944,20.69471097631301,1.0,150.97774818510032
33.673727730830386,109.32055352875192,1.0,631.0679697010945
26.89257407934964,46.80446060450573,,380.9323957188786
9.584787438478484,31.39154189475064,1.0,
21.155372100689384,68.16165235749057,1.0,403.5790661630833
7.253719811723136,,0.0,128.28521499727182
15.548796984919703,50.179773252047156,,257.4789448746706
30.04675068251896,113.83408395810802,0.0,491.77438519013054
18.68128947615032,56.79487754485327,1.0,
26.796866589454144,51.673226153599344,1.0,418.86470787216086
36.07446061159518,148.00399052423455,0.0,624.5937219854609
28.359478467896885,118.80943320453454,0.0,
,18.628484235234232,,140.45140021517173
,45.671774395718806,1.0,271.8652246235313
13.329180515015373,,0.0,226.52568887948073
19.659627852753083,64.1734147281689,1.0,
35.97706573808897,95.97912681240842,1.0,585.3548786000697
14.373112273041144,44.38107580480657,0.0,218.30826129103622
29.915761579741012,135.33315334205847,0.0,
19.26278985793009,61.88645335661331,1.0,352.47669603268844
33.67102593876345,108.60704775949026,1.0,533.741359162599
10.192315035739709,35.161919833496,0.0,119.85178855694247
21.414769017901556,63.104214386137045,0.0,
25.640657932915165,109.15766921113396,0.0,484.91040385213853
,51.99553166025533,0.0,240.64000008205534
22.97660337636295,69.57575734229476,0.0,
12.572806829504707,39.35873295562759,1.0,213.4900200185505
39.509605034483286,128.47709914658563,1.0,643.6900040229904
27.803167110915783,73.39210271155532,,488.26166247648376
25.54894206751195,87.98322070143061,0.0,444.23112120334395
37.44735345227892,104.10233124434174,0.0,628.0001109079607
18.186246999493044,61.438333710504565,1.0,270.6035572548403
39.269504704413805,162.1115376562681,,697.8789392762874
4.510544562810914,13.212858827828146,1.0,142.53126969173462
39.540249569538304,127.95902016596342,0.0,
29.067991377262896,103.26626842678857,0.0,490.98150672172517
,78.08006465466985,1.0,394.4736684225913
14.902974980124299,45.88283010913304,1.0,313.51338007409856
8.920380823481759,37.23668178517685,0.0,
39.31975712180108,79.88845575181693,0.0,613.6639410452765
10.173645241587627,38.369141044318624,1.0,
35.3241996738646,91.52346765229088,1.0,592.8660819015547
,,0.0,60.25788161056578
32.24930825535,127.49044231428682,1.0,578.2816136576492
34.913795246905416,118.78243701737804,1.0,614.9165515426777
10.551584633270123,33.717884964085144,1.0,
39.1011738762093,139.6388372656735,0.0,618.7327848428677
15.501412677780381,68.39426359045088,0.0,279.7491935822947
7.175879738004171,19.26355063332324,1.0,145.39850962700928
,58.43588750137162,,347.24285935556384
38.92069997805922,123.91462544178025,0.0,569.2068091309972
5.426157926382076,13.168691129935498,1.0,115.47616493122575
,104.01749666123472,0.0,518.2159284556468
6.307589235073337,12.47744056650614,,116.33151095301936
27.726588941523598,82.4347580388239,,502.61320535698366
7.014577438595509,10.302764956320416,0.0,125.43273790242796
37.80624308779151,128.4159890204996,1.0,626.4432473864842
36.63473487791243,119.50757793684578,,658.2547117096573
39.392122851209955,108.71437965116903,1.0,645.5338626045634
35.25820660798111,96.2594550720196,0.0,
16.05087570668793,,1.0,273.4026307535369
19.16630418244471,84.82849340746657,0.0,350.0317890725166
13.241712806426165,28.997402504672145,0.0,199.84060513766488
20.19447439439741,67.79844518418747,0.0,318.5853392921688
10.27812134912908,27.234063295093307,1.0,230.52066640223276
38.44229123826907,73.45360630787069,0.0,525.5953368868193
,62.22314576849512,0.0,
14.10482012020436,,0.0,275.35347806329696
37.47573015794248,108.60111181022178,1.0,607.0510928958082
14.553704956788044,49.812785552001806,,210.00867829926938
17.43844373649603,42.972891079035264,1.0,313.85649566744956
25.489207834548235,,1.0,449.77799529847607
29.49170548939064,82.20676295760961,,463.99831539898565
17.60104538179502,,1.0,316.8729046772912
9.668057155505164,,,
25.25387010164184,63.580413259042835,,431.54017301911006
7.635288326477228,38.42794735733879,0.0,139.7184967205837
25.136431091822026,78.83433831586878,,467.14243645650686
26.060041704706315,105.54858307194225,0.0,443.86308209213166
25.916906025601662,83.91871581712186,1.0,422.9100559458898
14.727320004720433,31.850345144088635,0.0,252.49584069598723
16.45651178875884,71.57502466028176,0.0,319.0210494455735
11.335602717118345,32.856558468863774,0.0,167.41376174147527
31.785333017693397,94.15314441391295,1.0,547.0587122998527
28.93332884065848,,0.0,494.0289175142696
27.966065231511703,110.14665514344716,0.0,532.4096414289401
38.88128261615729,132.63033136101095,0.0,599.1116129990315
35.585911006146645,,0.0,566.3309358804527
17.73726096067966,72.49487037505476,1.0,373.4838261767953
30.558288847919478,,1.0,557.7231903523145
26.117961064724053,93.89791018937233,1.0,
21.944183654869192,71.7811547047158,0.0,381.33254719496284
6.461569722219545,17.143641948072307,1.0,82.36812497225348
20.25229700702838,71.52105367079386,,377.2532144132193
9.461321538724416,26.21223892252527,1.0,181.8412080865235
32.529868618192744,123.459773667803,1.0,529.1171932803177
29.832530860481953,89.25295872411935,0.0,493.9399293935921
7.984560525812822,24.45437263471856,,145.24503931331594
4.5228122726219375,,1.0,156.29639033090046
5.234869245385715,14.63944436364154,1.0,144.06096801695742
31.559892193525748,98.53074606227275,,531.6203293784661
,132.86400127493445,0.0,623.5664703000804
12.29935103032002,50.0324227011419,1.0,281.4109895232639
5.260554406799924,12.252305836344753,1.0,85.67139357612521
28.601083433875804,102.82492301998188,0.0,521.5721709877008
21.381270953425844,75.86552675692144,0.0,385.8904628088902
24.62114822495964,90.27810056856472,1.0,485.98319381963006
20.571035495634224,48.0385050233025,1.0,335.26073451857553
,93.88169834451655,1.0,525.7554416690276
,77.11605345390352,1.0,393.3290828562574
32.286301065081,110.34522136798078,,553.8954170957829
26.652616965790997,78.48710045028679,0.0,410.6991277571639
27.713173983291544,,,447.26829073721103
,77.01129856171602,,490.8262876912656
23.549315803205797,54.4306729942391,0.0,357.74799852445744
15.03067912762299,58.261770050782445,0.0,274.5308969448444
16.45426377623895,41.42711124074514,0.0,
1.8707167403326443,7.262841268385419,1.0,81.0198144790763
2.4499501503551144,7.409610280926374,0.0,87.41970942211398
19.128003491329412,,1.0,
,91.53016453705885,1.0,502.60736122853325
28.58183010531531,87.93311263508753,0.0,449.42462869539486
16.010690700053697,28.855994265286434,1.0,293.75835321888593
19.701657324958365,59.624269312275665,1.0,335.24558707163385
33.68645438113988,97.86851841429723,1.0,567.9112521935733
31.72002204090145,109.7280976000854,1.0,533.3725659826969
24.798665209129144,53.704799744344804,0.0,351.2207690703683
34.11345992663038,,1.0,579.1379510773598
39.18909884651396,144.2817965808296,,647.7280487045332
25.295688116218965,60.078706095218934,0.0,408.7427980408464
38.825384299347945,133.69038738346606,1.0,675.6360112124156
4.042353215184652,13.39177706873683,0.0,119.69640818395246
31.258375250248108,126.65562004746907,1.0,598.5751903406533
4.748087383930491,20.864186701089082,0.0,117.88051868123955
9.645961397292933,33.255470861349934,0.0,149.4144969132564
14.22763348979016,37.63617485976049,0.0,212.25136940344532
5.551330756764121,14.102296405497086,,
,83.72270003483058,1.0,513.6060794249789
14.627982389769734,43.01582308191475,1.0,248.3398977989989
7.576691802210544,15.586036027212483,1.0,130.21270324375726
9.374960990891669,40.16572824217581,1.0,
1.9659243187639293,,1.0,69.56752735980508
38.460872982149525,144.265688754967,,671.9410410595071
38.09610162211896,119.62236991576351,1.0,617.9924187209954
10.923204761954189,34.376998804107856,0.0,195.06574318272266
,84.11642497990675,0.0,453.84565944689786
2.8108230159806418,3.328733210541706,1.0,85.91643035860895
14.633286964590368,,0.0,233.4573785001375
27.374382455161737,106.18587465258146,1.0,470.26732661625044
9.879391141075804,27.38600486049839,0.0,192.40139175292663
14.22680764399076,,0.0,257.69951226048374
6.114319288501418,15.553634223157651,0.0,120.25919355753794
6.901349048033804,20.520029643786195,1.0,122.96874077559171
1.2421969084200764,3.697541735348909,0.0,
14.206605088231841,43.40496403090627,1.0,278.1620278373713
17.603821725054246,52.200691883901904,1.0,333.400488070038
17.48139027206391,64.1992922538325,0.0,358.2795870231857
12.111743594351163,44.625996610535246,0.0,216.1866887252067
21.7375317502881,73.2497150985879,1.0,
1.9897490782883618,6.766022289024323,0.0,37.362804028545064
16.825202976800746,52.9649340133457,0.0,250.62132233741244
24.90303840444224,67.51726042492764,0.0,
30.79895333375805,82.65753925266293,1.0,466.65473935290174
39.716360829459965,161.01021347763376,0.0,687.481144686353
,62.844257692760365,1.0,355.71239145849285
37.667355675382304,142.91433935386775,1.0,699.3675692282366
36.738507781603154,138.74089428695834,1.0,661.4702896573576
6.428442915118898,21.979947558479296,,
20.532889193541706,,1.0,
9.746947272213559,,0.0,213.97969493053606
31.930022991024632,84.16858084520516,1.0,499.22525769794095
29.671554312414784,97.32387625844632,,543.6782822906148
38.964805781615965,116.32752937260015,,621.0616129537234
3.3140346345545275,4.510416516935986,1.0,82.36446344061173
17.88835514704353,61.29786830971633,,346.1141006793437
15.216740037906767,73.71717230932384,0.0,357.9064217499549
26.571446077485948,62.584531664657064,,451.41975435004986
21.70202441295057,46.23369248679424,0.0,356.26870802163427
,78.80295284325737,1.0,398.85405238940575
6.539655896173628,14.361655052612518,1.0,
37.704071471408675,114.49407044379556,0.0,574.3309310475244
13.674287547858803,25.749831158418708,1.0,220.27539443513336
16.335389096047045,,0.0,328.3937263660006
9.915280614304065,33.23347622707621,1.0,173.33912524645527
12.831092768650533,30.655071368679373,0.0,239.22331372495782
15.771047124387124,,0.0,320.0644592392541
11.16357770464329,33.269258714703724,1.0,217.29153629336224
18.686443258155023,66.74066069786463,0.0,333.32848010859504
33.49049594339355,85.01201420766374,0.0,424.75670178353545
33.902979198296016,112.02083091695108,1.0,579.0180496201127
24.880370901648114,65.57977129723639,1.0,
22.55566993665914,96.71173739513122,0.0,352.7891887215976
24.48902434563688,,1.0,454.927622747591
20.665311520422858,65.48722221687164,1.0,345.58359054801866
3.7690802446025975,6.508350109285922,1.0,101.4996716706278
4.9778431020475224,8.345970794350627,0.0,99.14527817813492
,55.33178781366845,1.0,360.0616087070642
3.879831815600717,,0.0,92.70664560308222
6.058966807784287,14.296616037545519,1.0,131.9721082856089
25.405118520409026,71.2970140141646,1.0,415.4612388464851
37.87777383652276,,1.0,627.0246694965086
2.355756145357695,10.549509892274278,0.0,97.746276401133
24.490286713978545,98.79693947143247,,
18.647089551787555,58.18017626650053,0.0,303.75502525172413
2.540831460735193,11.40445145122529,1.0,96.69924403919076
31.434509756602097,125.94452717475455,0.0,538.4794155406516
28.48254461646222,101.3621752869545,1.0,471.15629973262196
37.43918597461787,153.3967654949165,0.0,699.7650436121007
26.893677675984975,91.4355607406431,1.0,450.85305203136613
28.904672979056556,,1.0,477.29781968264575
15.044102672402362,,0.0,233.93112079419578
,60.92572060400126,0.0,399.05443320974234
25.198452078567065,82.73590296691594,0.0,360.5018723062105
,21.563162041237366,1.0,162.42675883656148
8.769428818346965,26.685024240598214,,180.24616448062727
10.207356264971876,33.21359087427528,1.0,144.59768874264674
24.785329414290334,72.2479391401401,1.0,428.5890454156814
22.172503240700475,72.29074238844179,,409.0037235015001
,34.159115460917405,1.0,218.983480443773
31.80178829447541,87.60287801066032,1.0,505.77591688158236
27.980740219912978,89.29246098264487,0.0,453.21747070646194
6.433303106465903,19.634155517028464,0.0,111.021522095726
31.802289775169832,118.19490162543575,,529.7203408048694
,44.401387189144664,0.0,281.78180743900566
19.178687282360197,60.289740091313455,1.0,359.54698234871535
8.088200235518322,23.380181744504892,1.0,180.90598552397236
16.727929962328826,59.13727024931478,0.0,317.9242122571179
9.95499897790646,29.918949295442946,0.0,163.2045605393565
29.601392281132117,104.70089849872744,0.0,460.38639741596864
23.941611503213075,59.74328471341211,,366.9426450894658
35.37644320798255,149.07251215032292,0.0,622.6955722717221
7.164347515483129,21.290603084105566,1.0,168.0996763889254
23.412967830492317,63.277385467717735,,363.29580298015424
19.410933779479095,64.44573172739858,1.0,307.13527225532016
19.570254366799944,,0.0,344.59310582340794
30.462388894152962,,0.0,485.24317339934635
17.17249201520254,55.98465075462685,1.0,298.02700722675615
28.115577655623127,53.02357360452062,0.0,433.4390180229857
11.869748459103393,30.138135807476157,0.0,
5.9559621672716325,14.692363413467078,,160.05963595427107
31.921457209051937,108.44203718255008,0.0,523.6234285625684
21.50840026046162,76.35483117642211,1.0,388.53563004300923
10.662491780543366,35.119747244349405,1.0,211.22465005878152
18.619974187131024,44.6540839305413,0.0,298.56909105829783
25.673213205201563,67.87786647565758,1.0,417.1498555269991
10.63047866389159,34.43300917865136,0.0,194.57722987416014
8.04440219089789,30.798081823007838,1.0,173.9539616162932
39.63225750241157,125.68476923948715,,645.7315646478962
8.192994024787932,,,174.44283103345592
14.03633947953983,37.44897272250812,1.0,247.18979814870056
16.535507673603213,54.01621120580765,0.0,277.5354824778749
34.58522521996565,119.95558018677855,0.0,
11.851118081115864,28.120278133300097,0.0,243.68324182604815
9.643110341940861,34.465829027253534,0.0,167.97572039261553
5.940633595492666,23.781069035994896,0.0,127.48260854530028
30.663192787129727,,0.0,543.5030400086105
23.042135101961307,85.34768897616398,,482.62310409944587
4.6768727421501675,12.60523993259813,0.0,79.63349386270126
18.742990172252195,66.93462276917089,0.0,380.0952327438341
39.54935686581284,128.87607815950977,1.0,683.3296065391173
36.999805413084225,117.64994303746352,1.0,622.9192374126853
22.93297051005721,,0.0,340.35364998170485
10.172153388466407,26.860539850577844,1.0,182.9736175346576
23.970185172493597,75.39792578530677,1.0,411.4126442111229
20.99546759835884,,0.0,392.26519351694895
38.82922442042089,142.529363496048,1.0,660.1648000463862
1.5865779340091328,5.3292108429452085,1.0,95.21241854452074
13.142513354260963,62.76639356805607,0.0,266.7514276568039
16.72277489520195,74.2615349868392,1.0,323.61564864547574
,,0.0,495.39861884293447
30.218509504716188,,0.0,519.7289994645586
,95.02210896587252,1.0,483.86960865387084
23.1865859059883,86.61145976399028,,425.87734579782324
22.515609096299364,93.01129129803728,0.0,452.7792505193274
12.31989233236532,,,235.41877286146092
34.88572871828371,,0.0,604.6046860163676
,,1.0,330.0400152892717
14.943939454273975,,0.0,277.6513355494177
32.00988728833244,120.56409543900995,1.0,543.114807708224
29.264960929905584,68.16078265291553,1.0,451.6992312147822
13.423509842295834,49.10249341043345,,311.81101718451964
1.9238314710812279,,0.0,32.347435407009954
,0.2571803643679793,0.0,17.601258607636744
34.18221045820494,112.07294858876722,1.0,532.7975571508114
6.890816608726302,30.42369412806181,1.0,170.23591567123538
24.495377966426148,90.19344900646169,0.0,421.30696866195166
24.03853442545599,98.80734943835242,1.0,442.83999291668124
9.788791325420497,,,194.70448418390185
18.377814684487348,65.5961892155527,0.0,323.46599112729564
,68.80982904794303,0.0,285.1606002887767
20.605609529899766,74.90426049674225,0.0,353.37678902501403
34.42386347743114,100.81928710487877,1.0,598.5121231572783
36.722893319327994,100.83787775223456,0.0,
4.376231835921612,13.942465509904267,1.0,141.00619750912423
,42.082272324895435,,277.1517364565063
12.486940339954318,39.269394446815284,1.0,261.76576722842196
31.72611383503639,86.47834853526844,1.0,
,60.49589171079464,1.0,283.3323571039199
19.919118323759555,,1.0,
28.5564922816043,,0.0,439.14698992862776
25.773551579353555,88.03120045500053,1.0,461.3891173779573
29.994001648842264,,0.0,523.848794044774
17.805886534366326,43.50328575159996,1.0,265.5377463640327
22.111603644028296,84.76453254113153,0.0,388.09347438489453
11.613618729981294,36.02490836094118,,208.55194884365076
31.30670827215041,94.34995739734701,0.0,
34.78531190449088,,1.0,593.9830783498315
,29.780208085882105,0.0,189.34880774491435
20.412541728266053,79.88923385049004,1.0,395.21724629263275
5.0796125343839345,13.50664173202233,,113.85075946717684
5.357342852162487,12.957572989783031,0.0,135.78600609555622
6.640521009330131,6.968410698329853,1.0,75.4289621801041
,88.17654860574274,0.0,461.97577138346264
31.664297570929936,96.24766289933962,0.0,511.7863843344212
,28.072864608384975,,154.1434037991625
39.900000069940226,129.92018642961798,,673.6460140747645
,33.27004969602771,,264.77135466724394
35.84044112678968,102.32635315127389,1.0,575.796609025925
,115.92282034475514,0.0,617.7926724280863
33.801317952922076,,0.0,558.7397518236867
15.833788355646874,45.98045341688685,0.0,274.7014107840292
1.942374049039684,1.1948028396409764,0.0,86.02581269893783
,,0.0,289.1136573894069
20.029789726732453,61.27010654886398,0.0,340.409023600832
1.1372153033116597,4.404553841652562,0.0,94.4901810797426
34.87744340215599,,0.0,585.8082836830793
6.701178789091145,19.970520990369,0.0,140.9683961304329
25.453209679622475,76.22873373273147,1.0,
11.238080415483424,49.120130324154424,1.0,214.19611128044417
17.157410630132297,64.37654419486925,0.0,308.9031961986734
19.325598566018783,71.04608382455184,0.0,355.2469415922278
23.918883527891637,63.46545175119291,0.0,412.90339485066085
,57.66630177565041,0.0,339.6265155175465
15.21313157579789,48.79344496855057,1.0,277.5707599057757
2.5780305025042187,11.822277429498108,1.0,89.73144114181277
5.937579075739674,14.743242097362952,,141.49089527497318
25.335648037609495,89.74717998174363,0.0,406.0085670280746
24.63469302726891,62.13546356097243,1.0,418.5009593380311
27.062616451432067,54.12830170417756,1.0,441.82516029660724
4.134704044350229,12.62855612630354,1.0,148.66547457181872
10.742070869382017,46.15995547650553,0.0,252.57920503097006
10.159944186018423,29.85080061418731,,154.74165530898006
32.7706147894211,,1.0,578.3990217385511
30.632260371973246,100.84516496720663,0.0,479.7169589965477
30.314019042418398,100.67131612681844,0.0,479.09062190172625
,132.4858569510484,0.0,651.7131683622897
36.71820045579846,106.0039648009,1.0,
26.118921827361312,68.02553867783534,0.0,447.66990273896454
20.844913880734286,65.67437015027365,1.0,361.9514779551596
32.88850749347288,130.79567545258357,1.0,612.4462261456732
22.436841206195474,,1.0,380.67921422231325
30.937131082669566,90.36631865990513,0.0,529.1075877228208
,23.05592758405173,0.0,159.51518794263004
21.00722019852582,47.318900063057235,0.0,332.39272994252616
19.860618557880333,85.26657011682092,0.0,341.14731906057665
19.901374677684554,59.540628810882794,1.0,
21.260628700108455,76.0453387752211,0.0,361.4213880497003
24.945622439905176,72.88483690242506,1.0,383.382850758798
24.611306982161093,70.25815118020607,,408.91060395003325
38.1508397932244,125.41594808182555,1.0,617.1428951573942
9.562386840465683,28.135509251338814,1.0,195.78544971235004
6.61278176617902,,0.0,132.58198069463361
29.447389134748345,79.74474137016135,,535.8142791673843
10.49572385823285,35.52999717376515,1.0,189.5603611109477
11.939612663792554,,1.0,189.8760868667352
7.997930347990153,,0.0,134.2303057223675
19.623584585496893,,0.0,334.59179022157457
16.970168893753183,52.25966682112393,1.0,327.3154764152901
,,1.0,663.6538237041509
27.332183532915476,66.51435459796035,0.0,431.46579596808374
23.81003213202481,69.02682329087628,1.0,469.0688153517929
23.5163694555938,54.10527313087022,0.0,403.43112294148904
12.115132804149638,34.92423645756832,1.0,275.5390609612592
35.60020404967046,110.07624098691198,1.0,595.9864380372748
5.537876240699846,19.033423005521207,1.0,150.69120708626556
29.686638153285084,83.24679965674264,0.0,509.25959218828785
5.836507141103682,17.668138753411515,0.0,
20.437222467262025,54.98982995366739,0.0,342.9745338781215
9.439512008415095,17.682253574847984,1.0,132.91026693681823
22.599088686133847,76.79444960794844,1.0,364.0140517095725
8.654140182206874,27.95227048947503,,178.48821308677472
20.611888376163026,63.39036926598037,0.0,368.37229143624063
2.2132531973919765,8.2131218233044,0.0,38.210751476572185
10.62397947746075,35.444439269182865,0.0,215.76023085137174
29.680401441662006,97.70761860467825,1.0,
21.26789522452987,76.38315794848491,0.0,
,57.36027681476428,1.0,351.9389397748481
25.823055146133743,98.20785200348172,1.0,498.4907598070041
21.48493804996763,51.88798230311854,1.0,404.64283804396007
11.259611761646182,34.555059955442935,,218.27976050863523
35.70887991948335,97.88094811775193,1.0,596.9723090495545
13.213307515948346,56.79367664280686,0.0,205.44181184038922
1.71100212338317,,1.0,86.22062052225694
8.390598231555716,20.022440147172418,1.0,158.14923745881234
16.953777020325866,,0.0,289.2391511457389
1.3806649641346052,10.811760100433249,1.0,105.9088349342935
22.28246811675624,67.41588829011651,0.0,340.38602637613945
38.177769889885305,94.06362122044342,1.0,620.6075052183895
22.828475694240606,63.84643980684882,,343.6307627753597
,29.089923302222445,1.0,
3.5028613949531273,10.100088410925187,0.0,109.49994507536903
22.082259274458526,75.46153959325801,0.0,415.37526430651485
27.732497501258795,100.58854732138327,1.0,
26.020808910764192,,0.0,429.18338014183786
,51.61331641781892,1.0,389.4853106395255
15.34816532571915,37.7185034779716,0.0,217.58152494351413
16.146055830946985,,0.0,
34.633461633465885,107.1341409355196,0.0,591.1485268357619
2.885227267956503,8.418524933710582,,148.08313919994612
12.654233490684835,44.9122016918585,0.0,199.7210375056721
12.20256926395677,48.56455124469248,0.0,228.37162212675022
39.27380634222384,116.04018039186592,0.0,621.7794403995122
,61.982805141472234,0.0,351.419498220805
8.067419837949274,39.303133869340705,1.0,217.1536687859141
34.07033835303862,108.09533669270922,,530.1658193784078
,44.89534106080669,0.0,272.0937776344519
16.016607138011636,51.290194920188355,,273.6009759599366
14.14910776800513,31.74875323172014,0.0,284.81302964180713
6.859966750747907,,1.0,114.71407810835112
,68.05588496322744,1.0,292.88042610833537
22.419260818979303,58.24863626850084,,323.6584800339816
18.6606291904078,65.786809718897,0.0,312.9695975600027
15.871204966473716,59.30679717162522,0.0,
9.95807876935805,,,217.32976545235246
34.48940826351482,124.21907328963593,1.0,596.8734521366264
34.65824125722635,,1.0,601.5092508383594
22.94600334742784,94.8975054671882,1.0,439.46477431086896
28.69646204323239,,,418.20339735977666
36.52821507696538,113.12231133759968,,554.6620543682756
7.257873924346603,22.31352776428872,0.0,147.78488061891753
5.966731841789471,26.481623120374866,1.0,134.78786442976616
8.73532208028991,19.467153356214418,1.0,165.38050631593504
24.063458286913757,75.59917116071566,1.0,416.79180977364337
3.860368712405384,8.342166181346357,0.0,107.22153186679108
29.619319920521228,104.07684135505133,0.0,522.0690496796419
2.9462087008327975,11.000767391572229,1.0,125.6754638159496
2.0004467730604576,5.143265204570732,0.0,59.721547288042615
38.68553218741314,159.839953605331,1.0,759.9157224787809
14.77769568348859,62.20560840138972,1.0,
22.81609123102779,90.57111479392813,,421.98539683893085
19.83384166200043,,1.0,
